{"24:sites:receita":1768176309.743929,"24:sites:despesa":1768176313.995093}