{"84:fefds:receita":1769283690.354345,"84:rsde:receita":1769283693.255167}